0.000000000000000000e+00,-1.741072115933356645e+00,-1.429536884488979531e+00,-1.932270170089811723e+00,-2.849825389627264727e+00,-9.466084358377502284e-01,-6.396531987275730358e-02,0.000000000000000000e+00
2.000000000000000042e-03,-1.729747925404441888e+00,-1.430024196271329595e+00,-1.934774144998491874e+00,-2.846251124741289384e+00,-9.353132380742747998e-01,-6.496278256023052533e-02,0.000000000000000000e+00
4.000000000000000083e-03,-1.718581720139145119e+00,-1.430773638823736427e+00,-1.937137962711580119e+00,-2.842534881301711724e+00,-9.241763114246592803e-01,-6.597100740199374203e-02,0.000000000000000000e+00
6.000000000000000125e-03,-1.707518990068154219e+00,-1.431680400121754904e+00,-1.939372241909735228e+00,-2.838777390151268509e+00,-9.131430842417505023e-01,-6.698679969157854408e-02,0.000000000000000000e+00
8.000000000000000167e-03,-1.696561360019085418e+00,-1.432744000613832114e+00,-1.941476973989054056e+00,-2.834979122600199908e+00,-9.022151774222428866e-01,-6.801015518740663457e-02,0.000000000000000000e+00
1.000000000000000021e-02,-1.685711190459124431e+00,-1.433964125776939103e+00,-1.943451942148143541e+00,-2.831140662741905789e+00,-8.913949504190409323e-01,-6.904103767671221359e-02,0.000000000000000000e+00
1.200000000000000025e-02,-1.674970691523945066e+00,-1.435340334877668544e+00,-1.945296952094292653e+00,-2.827262708011226700e+00,-8.806846121732820887e-01,-7.007940492008689348e-02,0.000000000000000000e+00
1.400000000000000029e-02,-1.664341924961618480e+00,-1.436872070704365401e+00,-1.947011824902548760e+00,-2.823346065042689812e+00,-8.700862230999074631e-01,-7.112520990574679181e-02,0.000000000000000000e+00
1.600000000000000033e-02,-1.653826803039957882e+00,-1.438558660630109065e+00,-1.948596397490629073e+00,-2.819391647962765646e+00,-8.596016939988552208e-01,-7.217840095993580118e-02,0.000000000000000000e+00
1.800000000000000211e-02,-1.643427087881339066e+00,-1.440399318012969720e+00,-1.950050523089000176e+00,-2.815400476329612545e+00,-8.492327853932405413e-01,-7.323892186301594887e-02,0.000000000000000000e+00
2.000000000000000042e-02,-1.633144391322701061e+00,-1.442393143957462209e+00,-1.951374071671859944e+00,-2.811373672730620221e+00,-8.389811073930533158e-01,-7.430671197728604127e-02,0.000000000000000000e+00
2.199999999999999872e-02,-1.622980175285738458e+00,-1.444539129423977109e+00,-1.952566930349196150e+00,-2.807312460052216796e+00,-8.288481200693612605e-01,-7.538170638570326765e-02,0.000000000000000000e+00
2.400000000000000050e-02,-1.612935752639576448e+00,-1.446836157672053869e+00,-1.953629003719201895e+00,-2.803218158438233409e+00,-8.188351343212869615e-01,-7.646383604065491724e-02,0.000000000000000000e+00
2.600000000000000228e-02,-1.603012288535343499e+00,-1.449283007021519021e+00,-1.954560214180345534e+00,-2.799092181954999425e+00,-8.089433132151498951e-01,-7.755302792188158156e-02,0.000000000000000000e+00
2.800000000000000058e-02,-1.593210802189528374e+00,-1.451878353913805153e+00,-1.955360502202506012e+00,-2.794936034983019013e+00,-7.991736737726266027e-01,-7.864920520261388381e-02,0.000000000000000000e+00
2.999999999999999889e-02,-1.583532169090734021e+00,-1.454620776254275771e+00,-1.956029826556600071e+00,-2.790751308356595572e+00,-7.895270891825224568e-01,-7.975228742296019968e-02,0.000000000000000000e+00
3.200000000000000067e-02,-1.573977123602590567e+00,-1.457508757015133272e+00,-1.956568164502250573e+00,-2.786539675273931760e+00,-7.800042914088792800e-01,-8.086219066956161494e-02,0.000000000000000000e+00
3.400000000000000244e-02,-1.564546261933999816e+00,-1.460540688077362148e+00,-1.956975511933080947e+00,-2.782302887001329328e+00,-7.706058741665702261e-01,-8.197882776052539677e-02,0.000000000000000000e+00
3.600000000000000422e-02,-1.555240045446694364e+00,-1.463714874289335111e+00,-1.957251883479347310e+00,-2.778042768395824424e+00,-7.613322962343317402e-01,-8.310210843464828356e-02,0.000000000000000000e+00
3.799999999999999906e-02,-1.546058804269243581e+00,-1.467029537719103160e+00,-1.957397312567646264e+00,-2.773761213271153103e+00,-7.521838850743403082e-01,-8.423193954394810057e-02,0.000000000000000000e+00
4.000000000000000083e-02,-1.537002741186071830e+00,-1.470482822076897289e+00,-1.957411851437577788e+00,-2.769460179632256658e+00,-7.431608407268668337e-01,-8.536822524854449645e-02,0.000000000000000000e+00
4.200000000000000261e-02,-1.528071935769853784e+00,-1.474072797284213365e+00,-1.957295571115301724e+00,-2.765141684803614552e+00,-7.342632399483509653e-01,-8.651086721295239701e-02,0.000000000000000000e+00
4.399999999999999745e-02,-1.519266348725734517e+00,-1.477797464165800045e+00,-1.957048561344042037e+00,-2.760807800476550167e+00,-7.254910405613123059e-01,-8.765976480288374673e-02,0.000000000000000000e+00
4.599999999999999922e-02,-1.510585826416155353e+00,-1.481654759241070485e+00,-1.956670930471650749e+00,-2.756460647700349931e+00,-7.168440859848608238e-01,-8.881481528169411777e-02,0.000000000000000000e+00
4.800000000000000100e-02,-1.502030105535700377e+00,-1.485642559591767942e+00,-1.956162805295489138e+00,-2.752102391841503071e+00,-7.083221099151902900e-01,-8.997591400565257969e-02,0.000000000000000000e+00
5.000000000000000278e-02,-1.496511526070855469e+00,-1.477076383588582065e+00,-1.933047661064495326e+00,-2.783197374603985530e+00,-7.028258491563249555e-01,-9.074376932198223444e-02,1.000000000000000000e+00
5.200000000000000455e-02,-1.493042332931219907e+00,-1.468965741664486790e+00,-1.909408508433956708e+00,-2.814574497968103550e+00,-6.993708027585178177e-01,-9.123042582714381565e-02,1.000000000000000000e+00
5.399999999999999939e-02,-1.491678383522875739e+00,-1.460952005308035373e+00,-1.885717154909773097e+00,-2.846131408442056809e+00,-6.980124617746088500e-01,-9.142336189863890794e-02,1.000000000000000000e+00
5.600000000000000117e-02,-1.492434313828228776e+00,-1.453095359894726935e+00,-1.862181326726183528e+00,-2.877604893596627633e+00,-6.987653156857857040e-01,-9.131751062226550752e-02,1.000000000000000000e+00
5.800000000000000294e-02,-1.495330370095442785e+00,-1.445453318310502722e+00,-1.839009070150776193e+00,-2.908729942805061253e+00,-7.016495743986503886e-01,-9.091160449122673293e-02,1.000000000000000000e+00
5.999999999999999778e-02,-1.500388895410539103e+00,-1.438082925107872390e+00,-1.816404156291107519e+00,-2.939241749727237618e+00,-7.066876700991305826e-01,-9.020868103610368838e-02,1.000000000000000000e+00
6.199999999999999956e-02,-1.507632788695385306e+00,-1.431041527991012696e+00,-1.794565264478673150e+00,-2.968875701583332472e+00,-7.139027189474922430e-01,-8.921617836042590455e-02,1.000000000000000000e+00
6.400000000000000133e-02,-1.517083011396814562e+00,-1.424387264907563733e+00,-1.773685072559244569e+00,-2.997367862209888489e+00,-7.233160278757847506e-01,-8.794594227650409657e-02,1.000000000000000000e+00
6.600000000000000311e-02,-1.528755114900158141e+00,-1.418179287894579366e+00,-1.753949162125117089e+00,-3.024456035177990110e+00,-7.349436191313540867e-01,-8.641413166069654428e-02,1.000000000000000000e+00
6.800000000000000488e-02,-1.542654780369810075e+00,-1.412477647792579338e+00,-1.735534720830026467e+00,-3.049881516290005923e+00,-7.487917639025698513e-01,-8.464100902331231358e-02,1.000000000000000000e+00
7.000000000000000666e-02,-1.558772427757744383e+00,-1.407342772643658035e+00,-1.718609044967043253e+00,-3.073391610877425073e+00,-7.648515814949983227e-01,-8.265060642509632072e-02,1.000000000000000000e+00
7.200000000000000844e-02,-1.577077052812660085e+00,-1.402834491615372325e+00,-1.703327868981674653e+00,-3.094742941246629631e+00,-7.830928627784942142e-01,-8.047026234820690849e-02,1.000000000000000000e+00
7.399999999999999634e-02,-1.597509589300142752e+00,-1.399010590384930142e+00,-1.689833571724705497e+00,-3.113705501068238846e+00,-8.034574152357113475e-01,-7.813003315480734901e-02,1.000000000000000000e+00
7.599999999999999811e-02,-1.619976257161794164e+00,-1.395924934497603687e+00,-1.678253330064871873e+00,-3.130067327281494727e+00,-8.258523907574375489e-01,-7.566199312445809344e-02,1.000000000000000000e+00
7.799999999999999989e-02,-1.644342520758796722e+00,-1.393625261440132324e+00,-1.668697306589267626e+00,-3.143639562618059102e+00,-8.501442210859555537e-01,-7.309944892544614770e-02,1.000000000000000000e+00
8.000000000000000167e-02,-1.670428404911893816e+00,-1.392150811522165021e+00,-1.661256967072730628e+00,-3.154261586438994680e+00,-8.761539097090964567e-01,-7.047610619266655996e-02,1.000000000000000000e+00
8.200000000000000344e-02,-1.698005951560819904e+00,-1.391530027972771144e+00,-1.656003623255292823e+00,-3.161805817669142815e+00,-9.036544643884155681e-01,-6.782523546901587930e-02,1.000000000000000000e+00
8.400000000000000522e-02,-1.726799502316053836e+00,-1.391778590613326205e+00,-1.652987286404606460e+00,-3.166181763099551461e+00,-9.323711570911429325e-01,-6.517888969179506942e-02,1.000000000000000000e+00
8.600000000000000699e-02,-1.756489240897365356e+00,-1.392898039662853860e+00,-1.652235897894956285e+00,-3.167338914965212915e+00,-9.619850467648427550e-01,-6.256722368845392401e-02,1.000000000000000000e+00
8.799999999999999489e-02,-1.786718043786196919e+00,-1.394875189520694336e+00,-1.653754976958387246e+00,-3.165268199476092281e+00,-9.921398144646422779e-01,-6.001795703515280800e-02,1.000000000000000000e+00
8.999999999999999667e-02,-1.817101232977804015e+00,-1.397682432683342579e+00,-1.657527696378854110e+00,-3.160001831842629283e+00,-1.022451505459781140e+00,-5.755600614741235299e-02,1.000000000000000000e+00
9.199999999999999845e-02,-1.847238400473994124e+00,-1.401278910649747411e+00,-1.663515368067197908e+00,-3.151611615729806193e+00,-1.052520348156319674e+00,-5.520329236995778072e-02,1.000000000000000000e+00
9.400000000000000022e-02,-1.876726182128515275e+00,-1.405612409249137329e+00,-1.671658295470735522e+00,-3.140205899239804754e+00,-1.081943527102405822e+00,-5.297871387903602125e-02,1.000000000000000000e+00
9.600000000000000200e-02,-1.905170768040606699e+00,-1.410621746785453601e+00,-1.681876930773002154e+00,-3.125925531086402920e+00,-1.110327696489802562e+00,-5.089825402299709423e-02,1.000000000000000000e+00
9.800000000000000377e-02,-1.932199060497888699e+00,-1.416239381427425004e+00,-1.694073262697281201e+00,-3.108939228253323694e+00,-1.137300144108621680e+00,-4.897518968629126918e-02,1.000000000000000000e+00
1.000000000000000056e-01,-1.957467683162094740e+00,-1.422393971845049343e+00,-1.708132355344891939e+00,-3.089438766868763508e+00,-1.162517808334012859e+00,-4.722036096106755482e-02,1.000000000000000000e+00
1.020000000000000073e-01,-1.980669424355528063e+00,-1.429012671884713148e+00,-1.723923959240215353e+00,-3.067634353983669460e+00,-1.185673729981318703e+00,-4.564246680526103106e-02,1.000000000000000000e+00
1.040000000000000091e-01,-2.001537074387494286e+00,-1.436023008704923942e+00,-1.741304121759819301e+00,-3.043750450979938460e+00,-1.206500898148126888e+00,-4.424835843365317739e-02,1.000000000000000000e+00
1.059999999999999970e-01,-2.019844923554686034e+00,-1.443354266502599126e+00,-1.760116734438522013e+00,-3.018022221785493286e+00,-1.224773756101180444e+00,-4.304331071625493860e-02,1.000000000000000000e+00
1.079999999999999988e-01,-2.035408388537468305e+00,-1.450938361441181046e+00,-1.780194968245944587e+00,-2.990692688191971538e+00,-1.240307834590832492e+00,-4.203126004136739646e-02,1.000000000000000000e+00
1.100000000000000006e-01,-2.048082326984332457e+00,-1.458710240662745461e+00,-1.801362563748960754e+00,-2.962010600206148148e+00,-1.252958072241488585e+00,-4.121500381250856743e-02,1.000000000000000000e+00
1.120000000000000023e-01,-2.057758601469193316e+00,-1.466607868050066932e+00,-1.823434960099485025e+00,-2.932228974523221510e+00,-1.262616384198891328e+00,-4.059636152771894241e-02,1.000000000000000000e+00
1.140000000000000041e-01,-2.064363392559650734e+00,-1.474571874254614556e+00,-1.846220264148710655e+00,-2.901604217113656237e+00,-1.269208978853312297e+00,-4.017630026642532437e-02,1.000000000000000000e+00
1.160000000000000059e-01,-2.067854663958659689e+00,-1.482544952780534997e+00,-1.869520078054230927e+00,-2.870395722313024756e+00,-1.272693825720214278e+00,-3.995502869205733859e-02,1.000000000000000000e+00
1.180000000000000077e-01,-2.068220072115833030e+00,-1.490471082228824962e+00,-1.893130220113542261e+00,-2.838865825797907139e+00,-1.273058566997249619e+00,-3.993206378081647773e-02,1.000000000000000000e+00
1.199999999999999956e-01,-2.065475502117625428e+00,-1.498294652323500564e+00,-1.916841385741340664e+00,-2.807279984838176645e+00,-1.270319054644275747e+00,-4.010627138179936879e-02,1.000000000000000000e+00
1.219999999999999973e-01,-2.059664307689948348e+00,-1.505959558782753449e+00,-1.940439835690845216e+00,-2.775906995202001237e+00,-1.264518591350509036e+00,-4.047590003712380619e-02,1.000000000000000000e+00
1.239999999999999991e-01,-2.050857238346926348e+00,-1.513408366698996588e+00,-1.963708119896953042e+00,-2.745019233309907936e+00,-1.255727857085501720e+00,-4.103855835355927489e-02,1.000000000000000000e+00
1.260000000000000009e-01,-2.039152947677213668e+00,-1.520581573865367186e+00,-1.986426039155481105e+00,-2.714892522238215644e+00,-1.244045417495838635e+00,-4.179122045411413910e-02,1.000000000000000000e+00
1.280000000000000027e-01,-2.024678898811492989e+00,-1.527417102563124240e+00,-2.008371821466612861e+00,-2.685805682554318174e+00,-1.229598627914439746e+00,-4.273017434228872091e-02,1.000000000000000000e+00
1.300000000000000044e-01,-2.007592407164813242e+00,-1.533850077320060290e+00,-2.029323677773442469e+00,-2.658039446926722338e+00,-1.212544674358128960e+00,-4.385096178341154477e-02,1.000000000000000000e+00
1.320000000000000062e-01,-1.988081501525815531e+00,-1.539812989919372654e+00,-2.049061797751523528e+00,-2.631874610332532782e+00,-1.193071432114102715e+00,-4.514829171903921023e-02,1.000000000000000000e+00
1.340000000000000080e-01,-1.966365241617225701e+00,-1.545236334613728557e+00,-2.067370854708823646e+00,-2.607589258311195035e+00,-1.171397780070897232e+00,-4.661592866992263218e-02,1.000000000000000000e+00
1.360000000000000098e-01,-1.942693119009719638e+00,-1.550049780619014550e+00,-2.084043050358076687e+00,-2.585454971691303339e+00,-1.147772997698973452e+00,-4.824655692053692740e-02,1.000000000000000000e+00
1.380000000000000115e-01,-1.917343199599915282e+00,-1.554183912682761681e+00,-2.098881680224095270e+00,-2.565731988109791306e+00,-1.122474902982705691e+00,-5.003162367032303742e-02,1.000000000000000000e+00
1.400000000000000133e-01,-1.890618750441591667e+00,-1.557572513662002001e+00,-2.111705135903450881e+00,-2.548663416347468846e+00,-1.095806474275552445e+00,-5.196116751741354511e-02,1.000000000000000000e+00
1.420000000000000151e-01,-1.862843235032375810e+00,-1.560155287491892695e+00,-2.122351186491524544e+00,-2.534468742495946891e+00,-1.068090840468598257e+00,-5.402364229133464757e-02,1.000000000000000000e+00
1.440000000000000169e-01,-1.834353751063252158e+00,-1.561880835417483571e+00,-2.130681307873415697e+00,-2.523337019802736059e+00,-1.039664713872169965e+00,-5.620574986343666174e-02,1.000000000000000000e+00
1.459999999999999909e-01,-1.805493200511518737e+00,-1.562709618906809927e+00,-2.136584768808668322e+00,-2.515420268389937153e+00,-1.010870556167322132e+00,-5.849229844624771746e-02,1.000000000000000000e+00
1.479999999999999927e-01,-1.776601688027327652e+00,-1.562616590258043558e+00,-2.139982151979925806e+00,-2.510827692116941456e+00,-9.820479738950528281e-01,-6.086610428786894122e-02,1.000000000000000000e+00
1.499999999999999944e-01,-1.748007797669424601e+00,-1.561593166938645805e+00,-2.140827999192175035e+00,-2.509621315616553883e+00,-9.535249940377092948e-01,-6.330795394382755792e-02,1.000000000000000000e+00
1.519999999999999962e-01,-1.720020462902788649e+00,-1.559648280230210071e+00,-2.139112328494801485e+00,-2.511813537568899690e+00,-9.256099350164380679e-01,-6.579664118295022734e-02,1.000000000000000000e+00
1.539999999999999980e-01,-1.692922100194308443e+00,-1.556808339850613621e+00,-2.134860872532209797e+00,-2.517366893690246243e+00,-8.985845437014537973e-01,-6.830908728513918060e-02,1.000000000000000000e+00
1.559999999999999998e-01,-1.666963527582300042e+00,-1.553116103866110764e+00,-2.128134016407000839e+00,-2.526196058801517097e+00,-8.726989198795676028e-01,-7.082054678233262734e-02,1.000000000000000000e+00
1.580000000000000016e-01,-1.642360966509744058e+00,-1.548628595082915282e+00,-2.119024546698444311e+00,-2.538171844993132531e+00,-8.481685263361553595e-01,-7.330489371940414334e-02,1.000000000000000000e+00
1.600000000000000033e-01,-1.619295174632455536e+00,-1.543414326977466500e+00,-2.107654436623190630e+00,-2.553126728768885467e+00,-8.251733319541290079e-01,-7.573497748040665389e-02,1.000000000000000000e+00
1.620000000000000051e-01,-1.597912528094127982e+00,-1.537550169349183093e+00,-2.094170966721123239e+00,-2.570861306105170829e+00,-8.038589058901978168e-01,-7.808303308364801520e-02,1.000000000000000000e+00
1.640000000000000069e-01,-1.578327701336336153e+00,-1.531118188329942287e+00,-2.078742507117756766e+00,-2.591151046518081813e+00,-7.843391104084660448e-01,-8.032112904031371570e-02,1.000000000000000000e+00
1.660000000000000087e-01,-1.560627498873854213e+00,-1.524202746310169720e+00,-2.061554268728988504e+00,-2.613752784172544086e+00,-7.666999463215288246e-01,-8.242163627900046807e-02,1.000000000000000000e+00
1.680000000000000104e-01,-1.544875374646667687e+00,-1.516888065097201199e+00,-2.042804277725173812e+00,-2.638410515437163539e+00,-7.510040862269613537e-01,-8.435770370439003851e-02,1.000000000000000000e+00
1.700000000000000122e-01,-1.531116214081913673e+00,-1.509256363367569964e+00,-2.022699755274389055e+00,-2.664860231189976503e+00,-7.372956703323836347e-01,-8.610372890423238779e-02,1.000000000000000000e+00
1.720000000000000140e-01,-1.519381028818318935e+00,-1.501386596115633631e+00,-2.001454007792458523e+00,-2.692833666326795328e+00,-7.256050145693824227e-01,-8.763581557364735763e-02,1.000000000000000000e+00
1.740000000000000158e-01,-1.509691301689030096e+00,-1.493353760421872956e+00,-1.979283862963397533e+00,-2.722060976987274117e+00,-7.159529684140608641e-01,-8.893221178572774388e-02,1.000000000000000000e+00
1.759999999999999898e-01,-1.502062802600111935e+00,-1.485228691676846235e+00,-1.956407630355239124e+00,-2.752272448756118539e+00,-7.083547429229285486e-01,-8.997372493472338695e-02,1.000000000000000000e+00
1.779999999999999916e-01,-1.510131505778528505e+00,-1.481437980268277332e+00,-1.955754694147878947e+00,-2.757546286943955760e+00,-7.163915867277198535e-01,-8.887721167900157482e-02,0.000000000000000000e+00
1.799999999999999933e-01,-1.518332376530276306e+00,-1.477352066083030602e+00,-1.955230491522510716e+00,-2.762977801914923148e+00,-7.245606934250503617e-01,-8.778421567551598914e-02,0.000000000000000000e+00
1.819999999999999951e-01,-1.526651298113177901e+00,-1.473397024175000514e+00,-1.954575999959907273e+00,-2.768399242293461793e+00,-7.328479887999044262e-01,-8.669593654639519420e-02,0.000000000000000000e+00
1.839999999999999969e-01,-1.535084418193231270e+00,-1.469572232039660475e+00,-1.953795317711277457e+00,-2.773806589511510712e+00,-7.412496389856463308e-01,-8.561299879610370644e-02,0.000000000000000000e+00
1.859999999999999987e-01,-1.543631840369427577e+00,-1.465879465183373309e+00,-1.952888530358735331e+00,-2.779197844574652354e+00,-7.497657499797950598e-01,-8.453548588136501618e-02,0.000000000000000000e+00
1.880000000000000004e-01,-1.552293583233369079e+00,-1.462320474359491307e+00,-1.951855718707103504e+00,-2.784571031637775196e+00,-7.583963429683098223e-01,-8.346348813733470151e-02,0.000000000000000000e+00
1.900000000000000022e-01,-1.561069565512430035e+00,-1.458896941371737643e+00,-1.950696980258246116e+00,-2.789924230422204054e+00,-7.671413392135799647e-01,-8.239709397626010512e-02,0.000000000000000000e+00
1.920000000000000040e-01,-1.569959602956866984e+00,-1.455610475694226746e+00,-1.949412428655337592e+00,-2.795255580378953830e+00,-7.760005569425117988e-01,-8.133638978996490798e-02,0.000000000000000000e+00
1.940000000000000058e-01,-1.578963405067107084e+00,-1.452462611112795399e+00,-1.948002193342053712e+00,-2.800563284652114238e+00,-7.849737080692080760e-01,-8.028145979140922928e-02,0.000000000000000000e+00
1.960000000000000075e-01,-1.588080572006306035e+00,-1.449454802516454421e+00,-1.946466419189240016e+00,-2.805845613922786974e+00,-7.940603951029790997e-01,-7.923238585741354534e-02,0.000000000000000000e+00
1.980000000000000093e-01,-1.597310591722399753e+00,-1.446588422858201994e+00,-1.944805266087239026e+00,-2.811100910114920026e+00,-8.032601082658901159e-01,-7.818924737299601246e-02,0.000000000000000000e+00
2.000000000000000111e-01,-1.606652837302449344e+00,-1.443864760300530570e+00,-1.943018908504863473e+00,-2.816327589945539334e+00,-8.125722228426717209e-01,-7.715212107802704722e-02,0.000000000000000000e+00
2.020000000000000129e-01,-1.616106564581726079e+00,-1.441285015560352711e+00,-1.941107535016065588e+00,-2.821524148302393620e+00,-8.219959967854567617e-01,-7.612108091691817402e-02,0.000000000000000000e+00
2.040000000000000147e-01,-1.625670910029401117e+00,-1.438850299467438809e+00,-1.939071347795377820e+00,-2.826689161432629049e+00,-8.315305685952313342e-01,-7.509619789206817275e-02,0.000000000000000000e+00
2.060000000000000164e-01,-1.635344888931903107e+00,-1.436561630749672247e+00,-1.936910562083191900e+00,-2.831821289926898189e+00,-8.411749555010835655e-01,-7.407753992179287594e-02,0.000000000000000000e+00
2.080000000000000182e-01,-1.645127393893966339e+00,-1.434419934057470591e+00,-1.934625405622036887e+00,-2.836919281484185706e+00,-8.509280519572929302e-01,-7.306517170346063517e-02,0.000000000000000000e+00
2.099999999999999922e-01,-1.655017193676120435e+00,-1.432426038238724608e+00,-1.932216118064967292e+00,-2.841981973443693299e+00,-8.607886284770320806e-01,-7.205915458254634476e-02,0.000000000000000000e+00
2.119999999999999940e-01,-1.665012932385869782e+00,-1.430580674874416980e+00,-1.929682950357225479e+00,-2.847008295071295603e+00,-8.707553308199517117e-01,-7.105954642830178414e-02,0.000000000000000000e+00
2.139999999999999958e-01,-1.675113129038137361e+00,-1.428884477083854687e+00,-1.927026164092322080e+00,-2.851997269589369832e+00,-8.808266795492392109e-01,-7.006640151671304773e-02,0.000000000000000000e+00
2.159999999999999976e-01,-1.685316177498587642e+00,-1.427337978607088997e+00,-1.924246030843661304e+00,-2.856948015940222518e+00,-8.910010699717844096e-01,-6.907977042139122614e-02,0.000000000000000000e+00
2.179999999999999993e-01,-1.695620346821334889e+00,-1.425941613170621070e+00,-1.921342831472887758e+00,-2.861859750274836411e+00,-9.012767724729831009e-01,-6.809969991300426906e-02,0.000000000000000000e+00
2.200000000000000011e-01,-1.706023781990269717e+00,-1.424695714141025693e+00,-1.918316855416022371e+00,-2.866731787160299749e+00,-9.116519332554180455e-01,-6.712623286781571608e-02,0.000000000000000000e+00
2.220000000000000029e-01,-1.716524505070753825e+00,-1.423600514469523404e+00,-1.915168399948512512e+00,-2.871563540500907674e+00,-9.221245754881861600e-01,-6.615940818585022698e-02,0.000000000000000000e+00
2.240000000000000047e-01,-1.727120416775858036e+00,-1.422656146928891641e+00,-1.911897769430255689e+00,-2.876354524169727256e+00,-9.326926008710657579e-01,-6.519926071915012333e-02,0.000000000000000000e+00
2.260000000000000064e-01,-1.737809298448620643e+00,-1.421862644642510221e+00,-1.908505274531617335e+00,-2.881104352349150410e+00,-9.433537916150029901e-01,-6.424582121053203088e-02,0.000000000000000000e+00
2.280000000000000082e-01,-1.748588814459016261e+00,-1.421219941903596684e+00,-1.904991231441460320e+00,-2.885812739580792652e+00,-9.541058128376275205e-01,-6.329911624318684815e-02,0.000000000000000000e+00
2.300000000000000100e-01,-1.759456515011496913e+00,-1.420727875281101449e+00,-1.901355961058118993e+00,-2.890479500526915935e+00,-9.649462153696577449e-01,-6.235916820140383759e-02,0.000000000000000000e+00
2.320000000000000118e-01,-1.770409839356116954e+00,-1.420386185007041835e+00,-1.897599788164236800e+00,-2.895104549447328424e+00,-9.758724389652211340e-01,-6.142599524262826877e-02,0.000000000000000000e+00
2.340000000000000135e-01,-1.781446119393441663e+00,-1.420194516638483062e+00,-1.893723040586319462e+00,-2.899687899397510815e+00,-9.868818159062896500e-01,-6.049961128098955976e-02,0.000000000000000000e+00
2.360000000000000153e-01,-1.792562583660610276e+00,-1.420152422985825780e+00,-1.889726048339824382e+00,-2.904229661155405040e+00,-9.979715749886031162e-01,-5.958002598236890324e-02,0.000000000000000000e+00
2.380000000000000171e-01,-1.803756361683266585e+00,-1.420259366297583759e+00,-1.885609142760513057e+00,-2.908730041885994044e+00,-1.009138845873793544e+00,-5.866724477099642676e-02,0.000000000000000000e+00
2.399999999999999911e-01,-1.815024488675456293e+00,-1.420514720690470467e+00,-1.881372655622779888e+00,-2.913189343554312138e+00,-1.020380663789809850e+00,-5.776126884749848561e-02,0.000000000000000000e+00
2.419999999999999929e-01,-1.826363910567139204e+00,-1.420917774812317624e+00,-1.877016918245575594e+00,-2.917607961099027758e+00,-1.031693974559281690e+00,-5.686209521824386881e-02,0.000000000000000000e+00
2.439999999999999947e-01,-1.837771489336721409e+00,-1.421467734724197518e+00,-1.872542260586499419e+00,-2.921986380380054094e+00,-1.043075639933225718e+00,-5.596971673576459083e-02,0.000000000000000000e+00
2.459999999999999964e-01,-1.849244008623902369e+00,-1.422163726987089261e+00,-1.867949010324544190e+00,-2.926325175914893162e+00,-1.054522443205379245e+00,-5.508412214996372125e-02,0.000000000000000000e+00
2.479999999999999982e-01,-1.860778179596309645e+00,-1.423004801937498343e+00,-1.863237491931959422e+00,-2.930625008419444288e+00,-1.066031095080621993e+00,-5.420529616975633402e-02,0.000000000000000000e+00
2.500000000000000000e-01,-1.872370647041794900e+00,-1.423989937135758055e+00,-1.858408025735541313e+00,-2.934886622169981862e+00,-1.077598239769349764e+00,-5.333321953472872079e-02,0.000000000000000000e+00
2.520000000000000018e-01,-1.884017995656874778e+00,-1.425118040970013489e+00,-1.853460926967691602e+00,-2.939110842203763063e+00,-1.089220461278270102e+00,-5.246786909635035162e-02,0.000000000000000000e+00
2.540000000000000036e-01,-1.895716756500787081e+00,-1.426387956398575518e+00,-1.848396504807407803e+00,-2.943298571376319117e+00,-1.100894289867074827e+00,-5.160921790821743071e-02,0.000000000000000000e+00
2.560000000000000053e-01,-1.907463413583794898e+00,-1.427798464812920276e+00,-1.843215061411356936e+00,-2.947450787293974361e+00,-1.112616208639604531e+00,-5.075723532476651700e-02,0.000000000000000000e+00
2.580000000000000071e-01,-1.919254410557883261e+00,-1.429348290003512156e+00,-1.837916890935078262e+00,-2.951568539140403846e+00,-1.124382660237632781e+00,-4.991188710785667698e-02,0.000000000000000000e+00
2.600000000000000089e-01,-1.931086157477764020e+00,-1.431036102210631933e+00,-1.832502278544271723e+00,-2.955652944416177430e+00,-1.136190053605172112e+00,-4.907313554058637811e-02,0.000000000000000000e+00
2.620000000000000107e-01,-1.927702821380508746e+00,-1.428415446663422905e+00,-1.822741689457165526e+00,-2.967927290103121063e+00,-1.132813774579665811e+00,-4.931629279798119270e-02,1.000000000000000000e+00
2.640000000000000124e-01,-1.924295640713117317e+00,-1.425941634323668161e+00,-1.812874002105358651e+00,-2.980166043536572218e+00,-1.129413603759857665e+00,-4.955769439145910060e-02,1.000000000000000000e+00
2.660000000000000142e-01,-1.920885085944359583e+00,-1.423610056391475753e+00,-1.802895943153890013e+00,-2.992371758645592905e+00,-1.126010087226216205e+00,-4.980009543734291444e-02,1.000000000000000000e+00
2.680000000000000160e-01,-1.917471171425215504e+00,-1.421419901464167079e+00,-1.792807349325829636e+00,-3.004545396797041246e+00,-1.122603240803983882e+00,-5.004352413472137884e-02,1.000000000000000000e+00
2.700000000000000178e-01,-1.914053959399882876e+00,-1.419370400375168817e+00,-1.782607972092292048e+00,-3.016687966622701111e+00,-1.119193126954111550e+00,-5.028798791974473797e-02,1.000000000000000000e+00
2.720000000000000195e-01,-1.910633512917519816e+00,-1.417460800763606477e+00,-1.772297503133233532e+00,-3.028800519704922589e+00,-1.115779808942780171e+00,-5.053349424869076068e-02,1.000000000000000000e+00
2.740000000000000213e-01,-1.907209895640864739e+00,-1.415690369282559313e+00,-1.761875572670254186e+00,-3.040884150010694675e+00,-1.112363350651357052e+00,-5.078005063289433435e-02,1.000000000000000000e+00
2.760000000000000231e-01,-1.894735845642033345e+00,-1.413709513476880453e+00,-1.766418051508972020e+00,-3.037923739239997811e+00,-1.099915440833056257e+00,-5.168032540345127157e-02,1.000000000000000000e+00
2.780000000000000249e-01,-1.882337158038543290e+00,-1.411876286760512800e+00,-1.770832102384488405e+00,-3.034924549748542866e+00,-1.087543207737960316e+00,-5.259150032075057130e-02,1.000000000000000000e+00
2.800000000000000266e-01,-1.869993534141213720e+00,-1.410188980624532684e+00,-1.775123871504302731e+00,-3.031888087565950851e+00,-1.075226269620762398e+00,-5.351053197319403237e-02,1.000000000000000000e+00
2.820000000000000284e-01,-1.857709174620674419e+00,-1.408649112691938488e+00,-1.779292972844419118e+00,-3.028813158972198050e+00,-1.062968823340450175e+00,-5.443738350876983767e-02,1.000000000000000000e+00
2.840000000000000302e-01,-1.845488158290248926e+00,-1.407257859044585002e+00,-1.783339255657149014e+00,-3.025698670267499057e+00,-1.050774948745863080e+00,-5.537209002232803406e-02,1.000000000000000000e+00
2.860000000000000320e-01,-1.833334489370393783e+00,-1.406016316490078744e+00,-1.787262567796663149e+00,-3.022543616181160964e+00,-1.038648650973151177e+00,-5.631468227648856600e-02,1.000000000000000000e+00
2.880000000000000338e-01,-1.821252092871692652e+00,-1.404925500504853098e+00,-1.791062755182164068e+00,-3.019347082942086313e+00,-1.026593855805697952e+00,-5.726518608511109443e-02,1.000000000000000000e+00
2.899999999999999800e-01,-1.809244806404736394e+00,-1.403986341507790447e+00,-1.794739662633028088e+00,-3.016108251365939630e+00,-1.014614401480613548e+00,-5.822362219829407826e-02,1.000000000000000000e+00
2.919999999999999818e-01,-1.797316372284025299e+00,-1.403199681394116549e+00,-1.798293134652331871e+00,-3.012826399705077485e+00,-1.002714030789859878e+00,-5.919000620680021918e-02,1.000000000000000000e+00
2.939999999999999836e-01,-1.785470429971822703e+00,-1.402566270318971409e+00,-1.801723016185907023e+00,-3.009500906249187313e+00,-9.908963835217537985e-01,-6.016434846096770095e-02,1.000000000000000000e+00
2.959999999999999853e-01,-1.773710508901735539e+00,-1.402086763748471521e+00,-1.805029153357042393e+00,-3.006131251657700787e+00,-9.791649892826304047e-01,-6.114665400466343798e-02,1.000000000000000000e+00
2.979999999999999871e-01,-1.762040021719522898e+00,-1.401761719794941019e+00,-1.808211394176728604e+00,-3.002717021006533482e+00,-9.675232607361833326e-01,-6.213692252478086181e-02,1.000000000000000000e+00
2.999999999999999889e-01,-1.765420958731442891e+00,-1.403498634942920376e+00,-1.818707066533094219e+00,-2.990639300226006547e+00,-9.708960342910972763e-01,-6.185565271267930154e-02,1.000000000000000000e+00
3.019999999999999907e-01,-1.768756189389240507e+00,-1.405371757544669364e+00,-1.829103594475091299e+00,-2.978529223170910178e+00,-9.742230346944422692e-01,-6.157228877200777301e-02,1.000000000000000000e+00
3.039999999999999925e-01,-1.772091661414901820e+00,-1.407388491004431419e+00,-1.839393504257638368e+00,-2.966380670608305348e+00,-9.775503144732730076e-01,-6.129019833897693392e-02,1.000000000000000000e+00
3.059999999999999942e-01,-1.775427358821756174e+00,-1.409549994496243519e+00,-1.849576846340605263e+00,-2.954192443778924648e+00,-9.808778558034942918e-01,-6.100935182997472422e-02,1.000000000000000000e+00
3.079999999999999960e-01,-1.778763205987988982e+00,-1.411857292893758054e+00,-1.859653757024645193e+00,-2.941963391037222042e+00,-9.842055828289285602e-01,-6.072974121278151144e-02,1.000000000000000000e+00
3.099999999999999978e-01,-1.782099128261493526e+00,-1.414311428943057614e+00,-1.869624315264799996e+00,-2.929692400224097160e+00,-9.875334206624238886e-01,-6.045135842484159611e-02,1.000000000000000000e+00
3.119999999999999996e-01,-1.785435051253982497e+00,-1.416913460838456373e+00,-1.879488543657425348e+00,-2.917378400046424236e+00,-9.908612946820384293e-01,-6.017419545084906618e-02,1.000000000000000000e+00
3.140000000000000013e-01,-1.797150306545155285e+00,-1.417253424531831785e+00,-1.876268793804440005e+00,-2.920789680134985300e+00,-1.002548362366993295e+00,-5.920355663071946023e-02,1.000000000000000000e+00
3.160000000000000031e-01,-1.808990497287006560e+00,-1.417750599633839315e+00,-1.872914465981069254e+00,-2.924158375033500068e+00,-1.014360694642068017e+00,-5.824412154964814237e-02,1.000000000000000000e+00
3.180000000000000049e-01,-1.820909472339883983e+00,-1.418402308200588102e+00,-1.869434138043420512e+00,-2.927484820560287915e+00,-1.026252031833437162e+00,-5.729238045802002161e-02,1.000000000000000000e+00
3.200000000000000067e-01,-1.832903339428286316e+00,-1.419207204895954311e+00,-1.865828522052763061e+00,-2.930769672493700018e+00,-1.038218486881589575e+00,-5.634840012159812034e-02,1.000000000000000000e+00
3.220000000000000084e-01,-1.844968362291704578e+00,-1.420164379555229006e+00,-1.862097882955816353e+00,-2.934013616703867289e+00,-1.050256322945615883e+00,-5.541216132185848575e-02,1.000000000000000000e+00
3.240000000000000102e-01,-1.857100711308836027e+00,-1.421272827935461169e+00,-1.858242490507096445e+00,-2.937217435920683961e+00,-1.062361709704291890e+00,-5.448364072302542410e-02,1.000000000000000000e+00
3.260000000000000120e-01,-1.869296477524804434e+00,-1.422531457125912224e+00,-1.854262617003918923e+00,-2.940382007049110680e+00,-1.074530737363447841e+00,-5.356281017002608585e-02,1.000000000000000000e+00
3.280000000000000138e-01,-1.881551680785074732e+00,-1.423939089609289610e+00,-1.850158536345788196e+00,-2.943508297841986643e+00,-1.086759424793597217e+00,-5.264963681141107688e-02,1.000000000000000000e+00
3.300000000000000155e-01,-1.893862278054984083e+00,-1.425494467461309922e+00,-1.845930523127206291e+00,-2.946597363391965541e+00,-1.099043727853059371e+00,-5.174408322353366008e-02,1.000000000000000000e+00
3.320000000000000173e-01,-1.906224171907254794e+00,-1.427196256731834811e+00,-1.841578851709648301e+00,-2.949650342444435136e+00,-1.111379547879389751e+00,-5.084610754577226222e-02,1.000000000000000000e+00
3.340000000000000191e-01,-1.918633219131350875e+00,-1.429043051983410084e+00,-1.837103795273474338e+00,-2.952668453556340111e+00,-1.123762740302947316e+00,-4.995566362585091014e-02,1.000000000000000000e+00
3.360000000000000209e-01,-1.931085239419296107e+00,-1.431033380963166124e+00,-1.832505624850294446e+00,-2.955652991126016094e+00,-1.136189123337188134e+00,-4.907270117433008144e-02,1.000000000000000000e+00
3.380000000000000226e-01,-1.918677225933443031e+00,-1.428477736142349075e+00,-1.834133352451292831e+00,-2.956205404543216897e+00,-1.123806653234156183e+00,-4.995263110114473576e-02,0.000000000000000000e+00
3.400000000000000244e-01,-1.906301643127346068e+00,-1.426049631837534193e+00,-1.835645608479282265e+00,-2.956732535562519804e+00,-1.111456853738765016e+00,-5.084061504860665215e-02,0.000000000000000000e+00
3.420000000000000262e-01,-1.893966433430597229e+00,-1.423755807909987015e+00,-1.837040028919526780e+00,-2.957229828684300621e+00,-1.099147658905281766e+00,-5.173656465291249368e-02,0.000000000000000000e+00
3.440000000000000280e-01,-1.881675759598663955e+00,-1.421597573416667482e+00,-1.838316601512182125e+00,-2.957695882563240009e+00,-1.086883233304576368e+00,-5.264053934562346049e-02,0.000000000000000000e+00
3.460000000000000298e-01,-1.869433691751718030e+00,-1.419576162067945457e+00,-1.839475310537638464e+00,-2.958129376012088141e+00,-1.074667648833023348e+00,-5.355259964270620010e-02,0.000000000000000000e+00
3.480000000000000315e-01,-1.857244260229787391e+00,-1.417692730066839601e+00,-1.840516151247888033e+00,-2.958529060961362145e+00,-1.062504937495393431e+00,-5.447280215096188954e-02,0.000000000000000000e+00
3.500000000000000333e-01,-1.845111446851268378e+00,-1.415948351971536123e+00,-1.841439130710412320e+00,-2.958893766094245148e+00,-1.050399082655645966e+00,-5.540119934463136331e-02,0.000000000000000000e+00
3.519999999999999796e-01,-1.833039176655123281e+00,-1.414344017549312271e+00,-1.842244267952255710e+00,-2.959222400097932582e+00,-1.038354010774774405e+00,-5.633783941623048824e-02,0.000000000000000000e+00
3.539999999999999813e-01,-1.821031309790358765e+00,-1.412880628855945231e+00,-1.842931594069532109e+00,-2.959513954708208772e+00,-1.026373583296244396e+00,-5.728276613706523301e-02,0.000000000000000000e+00
3.559999999999999831e-01,-1.809091633584831271e+00,-1.411558997555595996e+00,-1.843501152302427171e+00,-2.959767507530496111e+00,-1.014461588711061957e+00,-5.823601872816873415e-02,0.000000000000000000e+00
3.579999999999999849e-01,-1.797223854835359624e+00,-1.410379842497858194e+00,-1.843952998075798266e+00,-2.959982224619205127e+00,-1.002621734844475920e+00,-5.919763174248394294e-02,0.000000000000000000e+00
3.599999999999999867e-01,-1.785431592359932429e+00,-1.409343787567222117e+00,-1.844287199005599120e+00,-2.960157362798630842e+00,-9.908576414051191161e-01,-6.016763495904969145e-02,0.000000000000000000e+00
3.619999999999999885e-01,-1.773718369851211785e+00,-1.408451359818669202e+00,-1.844503834871509929e+00,-2.960292271710150747e+00,-9.791728328358164646e-01,-6.114605328987866156e-02,0.000000000000000000e+00
3.639999999999999902e-01,-1.762087937779773572e+00,-1.408265167234607151e+00,-1.847586394427026324e+00,-2.956840834812403784e+00,-9.675710594109276919e-01,-6.213287902591081713e-02,1.000000000000000000e+00
3.659999999999999920e-01,-1.750553195351904012e+00,-1.408240180751279436e+00,-1.850540044431848274e+00,-2.953343354741591043e+00,-9.560651969409456052e-01,-6.312730548455504354e-02,1.000000000000000000e+00
3.679999999999999938e-01,-1.739114013274328352e+00,-1.408371173374133978e+00,-1.853368315282341916e+00,-2.949801406195551312e+00,-9.446551232648934260e-01,-6.412957723422471612e-02,1.000000000000000000e+00
3.699999999999999956e-01,-1.727773318588451401e+00,-1.408658356617150442e+00,-1.856071031312304553e+00,-2.946214965159926091e+00,-9.333437652069367374e-01,-6.513968604054801159e-02,1.000000000000000000e+00
3.719999999999999973e-01,-1.716533957999161197e+00,-1.409101845087288973e+00,-1.858648015875235648e+00,-2.942584121832367394e+00,-9.221339688583789496e-01,-6.615760968412841281e-02,1.000000000000000000e+00
3.739999999999999991e-01,-1.705398636124813239e+00,-1.409701643268878479e+00,-1.861099100346768953e+00,-2.938909077469480380e+00,-9.110284380667516002e-01,-6.718332057270140489e-02,1.000000000000000000e+00
3.760000000000000009e-01,-1.694369912293568703e+00,-1.410457645526148607e+00,-1.863424124186897402e+00,-2.935190144137768353e+00,-9.000297312387093296e-01,-6.821678590209785675e-02,1.000000000000000000e+00
3.780000000000000027e-01,-1.683450197570714790e+00,-1.411369635817567580e+00,-1.865622935491574985e+00,-2.931427744347797848e+00,-8.891402583692594730e-01,-6.925796772054781947e-02,1.000000000000000000e+00
3.800000000000000044e-01,-1.686306345658841854e+00,-1.413324435208162866e+00,-1.874507229619900128e+00,-2.920751610066790960e+00,-8.919886985321268114e-01,-6.899240985050342223e-02,0.000000000000000000e+00
3.820000000000000062e-01,-1.689109500766311278e+00,-1.415371129003089035e+00,-1.883334205494775704e+00,-2.910045801561306877e+00,-8.947840731057065122e-01,-6.872457267934019287e-02,0.000000000000000000e+00
3.840000000000000080e-01,-1.691914363949757583e+00,-1.417531942178786863e+00,-1.892081332100836288e+00,-2.899304496453228630e+00,-8.975811871846647305e-01,-6.845778229587075325e-02,0.000000000000000000e+00
3.860000000000000098e-01,-1.694720908559079975e+00,-1.419807795221246005e+00,-1.900748429821384144e+00,-2.888526956459929185e+00,-9.003800126183032493e-01,-6.819202066087985681e-02,0.000000000000000000e+00
3.880000000000000115e-01,-1.691512911248744588e+00,-1.417198006360841367e+00,-1.890848652930279927e+00,-2.900847540601701802e+00,-8.971808361309190349e-01,-6.849571584947740377e-02,1.000000000000000000e+00
3.900000000000000133e-01,-1.688307693054693859e+00,-1.414756709901721088e+00,-1.880832273581263037e+00,-2.913114472800618415e+00,-8.939844815467051786e-01,-6.880087751591809631e-02,1.000000000000000000e+00
3.920000000000000151e-01,-1.685104823873716073e+00,-1.412464314406125743e+00,-1.870711458538414140e+00,-2.925335334749879390e+00,-8.907905151717971926e-01,-6.910738565708539338e-02,1.000000000000000000e+00
3.940000000000000169e-01,-1.681904301624156828e+00,-1.410319664437463150e+00,-1.860486123918350998e+00,-2.937511352329648329e+00,-8.875989353251925174e-01,-6.941525482832824889e-02,1.000000000000000000e+00
3.960000000000000187e-01,-1.678706197808352840e+00,-1.408321609730500912e+00,-1.850156181383068033e+00,-2.949643754728661804e+00,-8.844098137495320922e-01,-6.972449325950066945e-02,1.000000000000000000e+00
3.980000000000000204e-01,-1.675510583652702223e+00,-1.406469021081854898e+00,-1.839721484759640147e+00,-2.961733807903196514e+00,-8.812232219123234955e-01,-7.003510920627047109e-02,1.000000000000000000e+00
4.000000000000000222e-01,-1.672317530310198475e+00,-1.404760793203670088e+00,-1.829181828409799149e+00,-2.973782813327423558e+00,-8.780392312088546314e-01,-7.034711096452453405e-02,1.000000000000000000e+00
4.020000000000000240e-01,-1.661527802726446623e+00,-1.405827876581899449e+00,-1.831253474339978649e+00,-2.969968053571366617e+00,-8.672802325188410100e-01,-7.140502600554370083e-02,1.000000000000000000e+00
4.040000000000000258e-01,-1.650910188793586864e+00,-1.407056134914335122e+00,-1.833188714678192666e+00,-2.966108920481946409e+00,-8.566936561232911806e-01,-7.247365301158283091e-02,1.000000000000000000e+00
4.060000000000000275e-01,-1.640410032860577516e+00,-1.408437456584556546e+00,-1.834999238783228570e+00,-2.962207924012980609e+00,-8.462247655112429268e-01,-7.354995857915755386e-02,1.000000000000000000e+00
4.080000000000000293e-01,-1.630029376046147060e+00,-1.409971811598043745e+00,-1.836684416184610091e+00,-2.958265819359974902e+00,-8.358755940849754706e-01,-7.463381009275338318e-02,1.000000000000000000e+00
4.100000000000000311e-01,-1.619769739019962351e+00,-1.411658398627694933e+00,-1.838244170771249353e+00,-2.954283588540365546e+00,-8.256476605810681990e-01,-7.572513939579346431e-02,1.000000000000000000e+00
4.120000000000000329e-01,-1.609632480932251530e+00,-1.413496315337500642e+00,-1.839678437525386290e+00,-2.950262310093163531e+00,-8.155423221049408200e-01,-7.682387480724518769e-02,1.000000000000000000e+00
4.140000000000000346e-01,-1.599618806787640457e+00,-1.415484561563040256e+00,-1.840987160859102190e+00,-2.946203158138378964e+00,-8.055607814942109535e-01,-7.792994041079817635e-02,1.000000000000000000e+00
4.160000000000000364e-01,-1.589729769246595481e+00,-1.417622041746523287e+00,-1.842170294964309507e+00,-2.942107399313581340e+00,-7.957040891247041392e-01,-7.904325621919203182e-02,1.000000000000000000e+00
4.179999999999999827e-01,-1.579966270927211314e+00,-1.419907567701547357e+00,-1.843227804077518295e+00,-2.937976389439028058e+00,-7.859731452175809929e-01,-8.016373835917997570e-02,1.000000000000000000e+00
4.199999999999999845e-01,-1.570329067132098189e+00,-1.422339861616509493e+00,-1.844159662716084114e+00,-2.933811569960597776e+00,-7.763687025717815882e-01,-8.129129926354806968e-02,1.000000000000000000e+00
4.219999999999999862e-01,-1.560818768968803338e+00,-1.424917559277864454e+00,-1.844965855885753570e+00,-2.929614464191359513e+00,-7.668913696901700217e-01,-8.242584786903189853e-02,1.000000000000000000e+00
4.239999999999999880e-01,-1.551435846831466403e+00,-1.427639213493637760e+00,-1.845646379259284764e+00,-2.925386673373401525e+00,-7.575416142670540198e-01,-8.356728981904230913e-02,1.000000000000000000e+00
4.259999999999999898e-01,-1.554390986021765508e+00,-1.429346015359042710e+00,-1.856186279704227671e+00,-2.913391905532720649e+00,-7.604865388246486724e-01,-8.321552793042182039e-02,1.000000000000000000e+00
4.279999999999999916e-01,-1.557289687222409347e+00,-1.431198661550519002e+00,-1.866633381915955292e+00,-2.901347436445760763e+00,-7.633749856891387520e-01,-8.286266734146520430e-02,1.000000000000000000e+00
4.299999999999999933e-01,-1.560193165146100513e+00,-1.433197686330507814e+00,-1.876977441186719719e+00,-2.889257825545332281e+00,-7.662682556214043261e-01,-8.251135361500845644e-02,1.000000000000000000e+00
4.319999999999999951e-01,-1.563101518758130970e+00,-1.435344430524653880e+00,-1.887218442293964848e+00,-2.877121753482122735e+00,-7.691664455519855448e-01,-8.216156107429341271e-02,1.000000000000000000e+00
4.339999999999999969e-01,-1.566014695737498519e+00,-1.437640143248528846e+00,-1.897356431360465612e+00,-2.864937933475033116e+00,-7.720695029262343301e-01,-8.181328181269753586e-02,1.000000000000000000e+00
4.359999999999999987e-01,-1.568932643547575889e+00,-1.440086094474110290e+00,-1.907391397951965661e+00,-2.852705114507846584e+00,-7.749773749747924656e-01,-8.146650788913051278e-02,1.000000000000000000e+00
4.380000000000000004e-01,-1.571855309274640788e+00,-1.442683572972636386e+00,-1.917323275583848741e+00,-2.840422082794983094e+00,-7.778900085521813779e-01,-8.112123139467289357e-02,1.000000000000000000e+00
4.400000000000000022e-01,-1.581368863951298387e+00,-1.439953836521782105e+00,-1.916662679328215990e+00,-2.844609641426679492e+00,-7.873710340624702209e-01,-8.000165744386646127e-02,1.000000000000000000e+00
4.420000000000000040e-01,-1.591066265520448830e+00,-1.437364712294386893e+00,-1.915861901239200416e+00,-2.848779049499794436e+00,-7.970361927332554330e-01,-7.889175512945599544e-02,1.000000000000000000e+00
4.440000000000000058e-01,-1.600888138145161621e+00,-1.434923998333123674e+00,-1.914931563806411274e+00,-2.852917025843256127e+00,-8.068260204435883098e-01,-7.778877109224598130e-02,1.000000000000000000e+00
4.460000000000000075e-01,-1.610833025936630580e+00,-1.432632226776258122e+00,-1.913872419248173973e+00,-2.857022150319492138e+00,-8.167390697948309075e-01,-7.669286102304527508e-02,1.000000000000000000e+00
4.480000000000000093e-01,-1.620899915458194895e+00,-1.430490637674628474e+00,-1.912684524606540926e+00,-2.861093003836469251e+00,-8.267743295685375804e-01,-7.560410201209648295e-02,1.000000000000000000e+00
4.500000000000000111e-01,-1.631087641029251412e+00,-1.428500373570100068e+00,-1.911367952730315123e+00,-2.865128254296490429e+00,-8.369306362097695962e-01,-7.452256849493486823e-02,1.000000000000000000e+00
4.520000000000000129e-01,-1.641394887023620575e+00,-1.426662474502951472e+00,-1.909922791195864500e+00,-2.869126664293893292e+00,-8.472066761000226487e-01,-7.344833083727192458e-02,1.000000000000000000e+00
4.540000000000000147e-01,-1.651820186547778846e+00,-1.424977875513271375e+00,-1.908349141928678883e+00,-2.873087094246497664e+00,-8.576009842315983622e-01,-7.238145518777455711e-02,1.000000000000000000e+00
4.560000000000000164e-01,-1.662361920531844062e+00,-1.423447404375014935e+00,-1.906647120854578548e+00,-2.877008505262391491e+00,-8.681119432941580838e-01,-7.132200332512192431e-02,1.000000000000000000e+00
4.580000000000000182e-01,-1.673018317323845539e+00,-1.422071779650746937e+00,-1.904816857516776762e+00,-2.880889961702481461e+00,-8.787377832648706200e-01,-7.027003251547808693e-02,1.000000000000000000e+00
4.600000000000000200e-01,-1.683787452805218576e+00,-1.420851609080926004e+00,-1.902858494659212418e+00,-2.884730633423060020e+00,-8.894765815201112202e-01,-6.922559538119046896e-02,1.000000000000000000e+00
4.620000000000000218e-01,-1.694667251042624390e+00,-1.419787388319277532e+00,-1.900772187776723854e+00,-2.888529797684896039e+00,-9.003262634838299361e-01,-6.818873978153705551e-02,1.000000000000000000e+00
4.640000000000000235e-01,-1.705346345217359616e+00,-1.420385719762295107e+00,-1.903864278355772877e+00,-2.885456298937400188e+00,-9.109763117877882621e-01,-6.718871638468786045e-02,0.000000000000000000e+00
4.660000000000000253e-01,-1.716104569457890028e+00,-1.421123542064456791e+00,-1.906844559650274995e+00,-2.882341610594960191e+00,-9.217057431854712712e-01,-6.619738665249300102e-02,0.000000000000000000e+00
4.680000000000000271e-01,-1.726948444016187967e+00,-1.422006652945675631e+00,-1.909707170540082100e+00,-2.879185818157369070e+00,-9.325210669498343874e-01,-6.521436219594993478e-02,0.000000000000000000e+00
4.700000000000000289e-01,-1.737875393679761293e+00,-1.423035243379456194e+00,-1.912451607106969043e+00,-2.875989238328930053e+00,-9.434197075003712962e-01,-6.423963833214935137e-02,0.000000000000000000e+00
4.720000000000000306e-01,-1.748882745878544975e+00,-1.424209342152074065e+00,-1.915077431845200628e+00,-2.872752302587400663e+00,-9.543989917479214213e-01,-6.327319831964522967e-02,0.000000000000000000e+00
4.740000000000000324e-01,-1.759967730634851568e+00,-1.425528881507495793e+00,-1.917584215467718733e+00,-2.869475537640242990e+00,-9.654561490833590831e-01,-6.231502136243574630e-02,0.000000000000000000e+00
4.760000000000000342e-01,-1.771127483929577640e+00,-1.426993695940965701e+00,-1.919971538170467840e+00,-2.866159565354437611e+00,-9.765883147382570240e-01,-6.136508257779100389e-02,0.000000000000000000e+00
4.780000000000000360e-01,-1.782359052420119827e+00,-1.428603521844797886e+00,-1.922238990469322450e+00,-2.862805102197297114e+00,-9.877925345042811722e-01,-6.042335304603234369e-02,0.000000000000000000e+00
4.799999999999999822e-01,-1.793659398462315036e+00,-1.430357997450452778e+00,-1.924386174006711636e+00,-2.859412958392771653e+00,-9.990657697568728901e-01,-5.948979987080790094e-02,0.000000000000000000e+00
4.819999999999999840e-01,-1.805025405413387629e+00,-1.432256663058289581e+00,-1.926412702334268312e+00,-2.855984036796963554e+00,-1.010404902760227097e+00,-5.856438624940598497e-02,0.000000000000000000e+00
4.839999999999999858e-01,-1.816453883191512464e+00,-1.434298961553483354e+00,-1.928318201669519949e+00,-2.852519331496985000e+00,-1.021806742229170117e+00,-5.764707155270971245e-02,0.000000000000000000e+00
4.859999999999999876e-01,-1.827941574065850450e+00,-1.436484239204909752e+00,-1.930102311624704026e+00,-2.849019926139028769e+00,-1.033268029121768627e+00,-5.673781141434185854e-02,0.000000000000000000e+00
4.879999999999999893e-01,-1.839485158649506902e+00,-1.438811746742190589e+00,-1.931764685905853707e+00,-2.845486991993124271e+00,-1.044785442635119743e+00,-5.583655782849786947e-02,0.000000000000000000e+00
4.899999999999999911e-01,-1.851081262066700983e+00,-1.441280640704569294e+00,-1.933304992980315884e+00,-2.841921785763664499e+00,-1.056355606375584344e+00,-5.494325925592296461e-02,0.000000000000000000e+00
4.919999999999999929e-01,-1.862726460264585659e+00,-1.443889985053811831e+00,-1.934722916710926333e+00,-2.838325647156248355e+00,-1.067975094673891512e+00,-5.405786073744626996e-02,0.000000000000000000e+00
4.939999999999999947e-01,-1.874417286439474362e+00,-1.446638753041944447e+00,-1.936018156955156888e+00,-2.834699996212738604e+00,-1.079640439014848630e+00,-5.318030401445778682e-02,0.000000000000000000e+00
4.959999999999999964e-01,-1.886150237546943220e+00,-1.449525829323378145e+00,-1.937190430127573526e+00,-2.831046330427726243e+00,-1.091348134551110238e+00,-5.231052765568055402e-02,0.000000000000000000e+00
4.979999999999999982e-01,-1.897921780865150287e+00,-1.452550012299759219e+00,-1.938239469724082564e+00,-2.827366221660700507e+00,-1.103094646670328416e+00,-5.144846718957345189e-02,0.000000000000000000e+00
5.000000000000000000e-01,-1.909728360580912554e+00,-1.455710016684867325e+00,-1.939165026806498826e+00,-2.823661312859202077e+00,-1.114876417585202839e+00,-5.059405524168420626e-02,0.000000000000000000e+00
5.020000000000000018e-01,-1.921566404368495018e+00,-1.459004476275877593e+00,-1.939966870446110825e+00,-2.819933314609130548e+00,-1.126689872916364132e+00,-4.974722167626358799e-02,0.000000000000000000e+00
5.040000000000000036e-01,-1.917826714294072366e+00,-1.461294049517991356e+00,-1.948246738173462056e+00,-2.809242977072208713e+00,-1.122958042713909421e+00,-5.001803104435422614e-02,1.000000000000000000e+00
5.060000000000000053e-01,-1.914086762428592658e+00,-1.463695573072479661e+00,-1.956468978995517638e+00,-2.798502921507838970e+00,-1.119225859393893296e+00,-5.028555758826413341e-02,1.000000000000000000e+00
5.080000000000000071e-01,-1.910355936544503974e+00,-1.466217561587447538e+00,-1.964611395493618851e+00,-2.787721197834475362e+00,-1.115502809829570507e+00,-5.055337590427790018e-02,1.000000000000000000e+00
5.100000000000000089e-01,-1.906634403885420381e+00,-1.468860774022918481e+00,-1.972673776530055934e+00,-2.776897255584340307e+00,-1.111789062444199505e+00,-5.082150160534185113e-02,1.000000000000000000e+00
5.120000000000000107e-01,-1.902922268856063193e+00,-1.471626092278652598e+00,-1.980655832757255874e+00,-2.766030505002160300e+00,-1.108084721581905407e+00,-5.108993256085101603e-02,1.000000000000000000e+00
5.140000000000000124e-01,-1.899219635082089352e+00,-1.474514396680159711e+00,-1.988557244955168501e+00,-2.755120387866208276e+00,-1.104389890804093888e+00,-5.135866654481887478e-02,1.000000000000000000e+00
5.160000000000000142e-01,-1.895526604836496487e+00,-1.477526563190338926e+00,-1.996377665515969291e+00,-2.744166378783587490e+00,-1.100704672318311594e+00,-5.162770128989712520e-02,1.000000000000000000e+00
5.180000000000000160e-01,-1.886790362940878873e+00,-1.478845324546166351e+00,-2.003018082355290552e+00,-2.735917709818931787e+00,-1.091986959085589293e+00,-5.226582504901537002e-02,1.000000000000000000e+00
5.200000000000000178e-01,-1.878100381393734253e+00,-1.480307125427883896e+00,-2.009547339743215755e+00,-2.727628042182863144e+00,-1.083315640823574455e+00,-5.290860339528426215e-02,1.000000000000000000e+00
5.220000000000000195e-01,-1.869446512993840459e+00,-1.481906690869913001e+00,-2.015974628208446084e+00,-2.719296135552602856e+00,-1.074680531197069522e+00,-5.355463368518454531e-02,1.000000000000000000e+00
5.240000000000000213e-01,-1.860830117215675816e+00,-1.483644856450272664e+00,-2.022299253295459565e+00,-2.710921846282697611e+00,-1.066082988202737170e+00,-5.420389493575231837e-02,1.000000000000000000e+00
5.260000000000000231e-01,-1.852252573015555237e+00,-1.485522330597428997e+00,-2.028520555795926938e+00,-2.702505122679023319e+00,-1.057524390714362550e+00,-5.485638410458770764e-02,1.000000000000000000e+00
5.280000000000000249e-01,-1.843715232702332729e+00,-1.487539770133134098e+00,-2.034637859725597409e+00,-2.694045983622201490e+00,-1.049006090924265777e+00,-5.551209693655342198e-02,1.000000000000000000e+00
5.300000000000000266e-01,-1.834562958212716088e+00,-1.487980038502595637e+00,-2.038039190270028111e+00,-2.689848288085711303e+00,-1.039874421812840399e+00,-5.622169534059572732e-02,1.000000000000000000e+00
5.320000000000000284e-01,-1.825454476645278046e+00,-1.488501697422950354e+00,-2.041365698509227222e+00,-2.685635670114863149e+00,-1.030786682255969255e+00,-5.693599374869063451e-02,1.000000000000000000e+00
5.340000000000000302e-01,-1.816390922216518877e+00,-1.489124632828983774e+00,-2.044607174327033317e+00,-2.681399052116011816e+00,-1.021743993728138067e+00,-5.765454287438160491e-02,1.000000000000000000e+00
5.360000000000000320e-01,-1.807374080380017123e+00,-1.489849273229033155e+00,-2.047763141645255747e+00,-2.677138484744253866e+00,-1.012748140909000893e+00,-5.837732241046837689e-02,1.000000000000000000e+00
5.380000000000000338e-01,-1.798405503369908010e+00,-1.490675850800460278e+00,-2.050833259222026417e+00,-2.672854072856911678e+00,-1.003800676020175642e+00,-5.910433160081753762e-02,1.000000000000000000e+00
5.400000000000000355e-01,-1.788829272983780028e+00,-1.490492287054768106e+00,-2.052241618129053258e+00,-2.671205015261385540e+00,-9.942472371499819772e-01,-5.988916537516900118e-02,1.000000000000000000e+00
5.420000000000000373e-01,-1.779309874987632600e+00,-1.490407763819298070e+00,-2.053559293912094574e+00,-2.669537797926512024e+00,-9.847507959737331618e-01,-6.067968394800855869e-02,1.000000000000000000e+00
5.440000000000000391e-01,-1.769847428081557039e+00,-1.490423570863843139e+00,-2.054787660813714556e+00,-2.667850417307985111e+00,-9.753114580395786382e-01,-6.147542109979059477e-02,1.000000000000000000e+00
5.460000000000000409e-01,-1.760443696260382218e+00,-1.490539873669701088e+00,-2.055926589236984903e+00,-2.666142836198637678e+00,-9.659309869089005574e-01,-6.227636992489608142e-02,1.000000000000000000e+00
5.480000000000000426e-01,-1.751100380847375737e+00,-1.490756761844558298e+00,-2.056975980280744132e+00,-2.664415063417711060e+00,-9.566110838713133280e-01,-6.308252878657358287e-02,1.000000000000000000e+00
5.500000000000000444e-01,-1.740420201258633615e+00,-1.489366418554535665e+00,-2.055487959647034568e+00,-2.666752775402006836e+00,-9.459579964848193745e-01,-6.401539102635434020e-02,1.000000000000000000e+00
5.520000000000000462e-01,-1.729823977775209576e+00,-1.488127272351314589e+00,-2.053866013193878626e+00,-2.669059124235767300e+00,-9.353891157565351611e-01,-6.495687611302931874e-02,1.000000000000000000e+00
5.540000000000000480e-01,-1.719308119550849945e+00,-1.487022867653331470e+00,-2.052125446370595352e+00,-2.671336893967770187e+00,-9.249008194522386761e-01,-6.590586243887319728e-02,1.000000000000000000e+00
5.560000000000000497e-01,-1.708874741869191638e+00,-1.486053201515895594e+00,-2.050266711223844407e+00,-2.673585627338928461e+00,-9.144952222248677876e-01,-6.686235308031243663e-02,1.000000000000000000e+00
5.580000000000000515e-01,-1.698526053038432293e+00,-1.485218241941350659e+00,-2.048290247016872456e+00,-2.675804918920285935e+00,-9.041745324220260560e-01,-6.782634855383887218e-02,1.000000000000000000e+00
5.600000000000000533e-01,-1.688264160686123949e+00,-1.484517859670560824e+00,-2.046196512072642193e+00,-2.677994447895176489e+00,-8.939408576042131571e-01,-6.879784560598888044e-02,1.000000000000000000e+00
5.620000000000000551e-01,-1.680718407982010332e+00,-1.481839955446737189e+00,-2.041004672467899628e+00,-2.685404236188346783e+00,-8.864162575470539984e-01,-6.952605801990664747e-02,1.000000000000000000e+00
5.640000000000000568e-01,-1.673192559982585204e+00,-1.479279525772023263e+00,-2.035731570281689606e+00,-2.692773113870588819e+00,-8.789116630741249381e-01,-7.025772552890022227e-02,1.000000000000000000e+00
5.660000000000000586e-01,-1.665710628803770410e+00,-1.476842024616647597e+00,-2.030365940590781015e+00,-2.700104288565890798e+00,-8.714511239345441584e-01,-7.099418764109931279e-02,1.000000000000000000e+00
5.680000000000000604e-01,-1.658273363149747937e+00,-1.474527012222129674e+00,-2.024908565920556125e+00,-2.707397409201863780e+00,-8.640353907861791916e-01,-7.173547213633610364e-02,1.000000000000000000e+00
5.700000000000000622e-01,-1.650881536005719630e+00,-1.472334114607058098e+00,-2.019360073187439486e+00,-2.714652213305938755e+00,-8.566652369316880566e-01,-7.248158953144583083e-02,1.000000000000000000e+00
5.720000000000000639e-01,-1.643535893513130119e+00,-1.470262913774699642e+00,-2.013721077831835959e+00,-2.721868495629012674e+00,-8.493414088012647412e-01,-7.323254928761557814e-02,1.000000000000000000e+00
5.740000000000000657e-01,-1.636237153601963312e+00,-1.468312948990406763e+00,-2.007992183292465427e+00,-2.729046107300852064e+00,-8.420646245860909929e-01,-7.398835990722361922e-02,1.000000000000000000e+00
